{
  "mae": 1.8346063094254632,
  "rmse": 2.4950157125479095,
  "r2": 0.1900497491644636,
  "acc_within_1": 0.3656387665198238,
  "acc_within_2": 0.652863436123348,
  "over_prediction": 0.5383259911894274,
  "under_prediction": 0.4616740088105727,
  "exact_prediction": 0.0
}