{
  "mae": 1.8597524049983298,
  "rmse": 2.514988401937779,
  "r2": 0.17703048602467486,
  "acc_within_1": 0.3607929515418502,
  "acc_within_2": 0.639647577092511,
  "over_prediction": 0.5440528634361234,
  "under_prediction": 0.45594713656387664,
  "exact_prediction": 0.0
}